caller_number,receiver_number,timestamp,duration_seconds
9950047974,9595327877,2026-04-18 01:26:15.628707,1737
9005411998,9515186449,2026-07-01 11:06:27.628741,872
9375243106,9740345054,2026-03-08 20:35:13.628750,12
9569092755,9398225871,2026-03-25 16:47:29.628757,1309
9277221704,9623924075,2026-07-22 05:30:51.628762,909
9787298259,9205493296,2026-05-22 08:17:35.628768,1153
9521818835,9685054235,2026-03-14 21:47:22.628773,1420
9359774688,9986800025,2026-03-07 07:01:51.628777,1714
9884422583,9309728962,2026-06-15 14:04:52.628782,308
9922995900,9880592962,2026-03-08 10:03:51.628787,636
9217271551,9640391065,2026-08-14 10:17:33.628792,86
9447394731,9289861434,2026-07-10 17:47:20.628796,516
9826773454,9914865281,2026-05-07 23:23:22.628802,1602
9526949588,9680182422,2026-06-28 19:37:12.628806,1539
9359774688,9518888806,2026-08-15 04:28:56.628811,337
9180170462,9265676618,2026-04-03 16:15:05.628821,849
9212779979,9826137506,2026-07-21 07:46:01.628827,685
9867908740,9680182422,2026-08-03 01:48:52.628832,1376
9742684145,9265676618,2026-04-17 11:40:15.628837,551
9623924075,9867908740,2026-07-14 11:19:15.628841,226
9132370589,9955271774,2026-08-14 00:27:44.628846,968
9980893246,9277901043,2026-08-05 20:41:49.628850,947
9310278681,9796275705,2026-08-06 15:06:16.628855,1633
9095396218,9980893246,2026-03-04 21:24:43.628859,1356
9051522047,9778528922,2026-05-03 00:56:21.628863,575
9978207151,9398225871,2026-04-23 11:56:40.628868,724
9747338484,9801624565,2026-05-16 21:45:50.628873,1396
9903311907,9216558523,2026-05-03 14:23:52.628877,61
9685054235,9277221704,2026-04-03 23:18:50.628882,1194
9277221704,9955271774,2026-03-21 08:19:12.628886,1226
9922995900,9310278681,2026-07-19 18:23:37.628891,1615
9964016582,9922995900,2026-06-26 00:15:56.628895,1052
9685054235,9578291146,2026-08-21 23:07:25.628899,1185
9051522047,9319520585,2026-03-08 21:59:02.628904,1456
9922995900,9696816453,2026-06-09 06:07:55.628908,1656
9216558523,9067240049,2026-07-17 23:54:52.628913,1524
9742684145,9826773454,2026-04-07 13:22:40.628917,750
9922995900,9978207151,2026-07-07 06:41:59.628921,681
9348434437,9964016582,2026-07-07 02:44:14.628929,1741
9733221418,9530463745,2026-08-22 01:39:00.628933,620
9950047974,9796275705,2026-07-07 19:04:26.628937,841
9029702135,9778528922,2026-07-13 16:21:16.628943,610
9787298259,9880592962,2026-04-06 13:10:02.628948,866
9826773454,9132370589,2026-07-09 19:39:29.628952,1537
9826137506,9785854973,2026-06-18 19:21:01.628956,621
9778528922,9787298259,2026-08-09 04:34:07.628961,5
9284511544,9156676527,2026-04-10 02:39:00.628966,885
9867908740,9309728962,2026-06-26 02:22:32.628970,1345
9029702135,9925556258,2026-05-25 01:59:59.628975,910
9019380262,9103697117,2026-06-07 13:22:16.628979,974
9640391065,9742684145,2026-04-02 05:56:49.628984,1354
9255466590,9156676527,2026-06-08 09:18:29.628988,1364
9665240415,9348434437,2026-05-04 09:13:05.628992,196
9251286823,9687833918,2026-04-14 21:41:41.628997,1382
9796275705,9980893246,2026-08-03 21:58:59.629001,412
9794738347,9212779979,2026-03-09 06:29:57.629005,506
9815371473,9785854973,2026-08-12 07:11:32.629010,1578
9820377889,9102767735,2026-05-19 18:33:46.629015,1294
9694097499,9051522047,2026-07-17 18:51:44.629019,1431
9578291146,9470168733,2026-05-16 21:38:42.629024,504
9794738347,9219933083,2026-07-11 19:40:49.629028,16
9687833918,9398225871,2026-08-19 05:41:41.629032,223
9397187072,9424981829,2026-04-11 19:00:05.629037,365
9180170462,9874315274,2026-06-08 20:59:09.629041,956
9005411998,9526949588,2026-04-17 16:28:33.629046,1742
9733221418,9102767735,2026-03-26 04:31:58.629050,1646
9925556258,9826773454,2026-06-11 10:22:54.629055,1149
9263689702,9964016582,2026-07-24 22:50:52.629060,911
9785854973,9251286823,2026-07-17 23:11:14.629065,1038
9424981829,9375243106,2026-08-23 09:22:37.629070,1127
9784473647,9623924075,2026-07-22 16:48:47.629076,1769
9815371473,9784473647,2026-04-19 15:02:52.629080,1544
9706540515,9903311907,2026-07-02 02:50:43.629092,572
9398225871,9397187072,2026-06-09 12:33:39.629097,997
9575844198,9518888806,2026-04-22 14:50:40.629101,905
9820377889,9685161227,2026-04-24 18:43:02.629106,485
9303054868,9569092755,2026-05-01 09:04:56.629110,1111
9255466590,9229270653,2026-03-29 14:02:58.629115,478
9578291146,9915478872,2026-03-29 23:15:06.629120,1451
9103697117,9978207151,2026-05-19 20:33:08.629124,839
9569092755,9986800025,2026-05-29 18:29:32.629128,856
9679807935,9289861434,2026-08-09 00:40:55.629133,865
9578291146,9398225871,2026-06-21 17:08:06.629137,1429
9523124329,9785191088,2026-06-20 02:02:21.629142,784
9210469632,9696816453,2026-05-07 14:26:33.629146,616
9687833918,9578291146,2026-08-13 00:29:00.629150,1716
9535841438,9216558523,2026-07-23 10:48:11.629155,1509
9986800025,9180170462,2026-06-25 10:29:18.629159,456
9595327877,9980893246,2026-04-22 07:05:54.629164,897
9595327877,9212779979,2026-05-14 19:20:01.629168,693
9826773454,9019380262,2026-08-02 06:44:26.629173,833
9530463745,9818141247,2026-08-10 12:10:05.629177,962
9880592962,9348434437,2026-06-12 00:19:27.629182,60
9786691251,9309130756,2026-06-17 21:23:06.629186,1362
9212779979,9255466590,2026-07-03 02:33:29.629191,882
9229270653,9925556258,2026-04-04 14:02:47.629195,107
9277221704,9132370589,2026-05-02 20:42:06.629200,438
9102767735,9029702135,2026-05-04 19:59:39.629204,1563
9132370589,9740345054,2026-07-24 07:44:51.629208,1708
9535841438,9319520585,2026-08-09 10:05:40.629213,172
9815371473,9523124329,2026-07-23 17:50:01.629217,1109
9005411998,9310278681,2026-04-12 20:04:43.629221,1336
9978207151,9397187072,2026-07-04 20:31:28.629230,87
9687833918,9212779979,2026-04-17 07:33:05.629235,413
9903311907,9523124329,2026-06-28 22:45:42.629240,317
9518888806,9880592962,2026-05-31 06:04:56.629246,1376
9685054235,9879470551,2026-04-11 14:54:58.629286,957
9874315274,9319520585,2026-07-27 05:07:55.629294,760
9818141247,9838578652,2026-06-26 05:06:22.629299,1536
9685161227,9685054235,2026-07-29 07:54:02.629304,1682
9623924075,9796275705,2026-03-21 06:54:16.629309,1190
9212779979,9796275705,2026-06-20 02:32:06.629332,1392
9132370589,9786691251,2026-07-17 03:20:16.629343,411
9820377889,9309130756,2026-07-12 09:37:27.629350,1706
9575844198,9706540515,2026-03-20 02:01:20.629355,1432
9398225871,9284511544,2026-08-12 09:46:53.629360,1406
9263689702,9265676618,2026-03-23 19:17:06.629364,1635
9879470551,9867908740,2026-03-08 06:31:25.629371,716
9216558523,9424981829,2026-07-06 18:02:26.629375,763
9978207151,9950047974,2026-07-04 00:53:53.629380,703
9521818835,9535841438,2026-08-06 23:28:03.629385,1008
9914865281,9922995900,2026-05-09 15:02:46.629390,1306
9375243106,9102767735,2026-07-15 15:25:29.629395,318
9922995900,9826137506,2026-07-20 18:51:42.629399,1073
9219933083,9303054868,2026-06-27 21:29:14.629403,1660
9216558523,9397187072,2026-06-02 04:23:22.629408,957
9922995900,9004786863,2026-07-20 05:57:24.629412,1218
9303054868,9029702135,2026-08-12 16:23:55.629416,507
9375243106,9515186449,2026-04-23 11:01:39.629420,928
9706540515,9687833918,2026-05-29 12:49:34.629425,1172
9785854973,9826773454,2026-05-12 21:20:45.629429,693
9212779979,9470168733,2026-08-12 12:51:19.629434,670
9068536153,9595327877,2026-04-10 11:40:40.629438,731
9180170462,9277221704,2026-05-05 09:13:18.629444,577
9263689702,9874315274,2026-08-18 04:43:31.629449,570
9526949588,9521818835,2026-06-08 14:47:06.629453,396
9255466590,9518888806,2026-07-18 02:55:08.629458,837
9595327877,9526949588,2026-07-25 12:25:52.629462,497
9915478872,9815371473,2026-07-03 17:15:12.629466,1462
9595327877,9784473647,2026-08-01 06:27:46.629470,40
9515186449,9758416169,2026-04-12 07:50:30.629475,833
9915478872,9706540515,2026-04-28 18:09:04.629479,1364
9309728962,9884422583,2026-05-31 04:40:53.629484,1138
9168784991,9310278681,2026-05-21 22:07:09.629488,1532
9787298259,9569092755,2026-05-07 14:41:01.629493,1444
9102767735,9303054868,2026-04-28 20:05:40.629497,519
9095396218,9733221418,2026-07-18 08:33:23.629501,399
9964016582,9733221418,2026-07-22 13:12:16.629620,1102
9785191088,9915478872,2026-04-05 05:59:18.629626,397
9103697117,9742684145,2026-06-02 07:39:24.629631,571
9530463745,9309130756,2026-07-25 21:57:12.629635,1079
9263689702,9156676527,2026-03-19 19:36:48.629640,1710
9051522047,9758416169,2026-04-13 11:16:34.629644,744
9826137506,9284511544,2026-03-03 01:03:50.629648,1455
9216558523,9880592962,2026-04-22 13:30:40.629653,98
9005411998,9787298259,2026-04-26 00:34:59.629657,1433
9880592962,9665240415,2026-08-15 22:27:01.629661,1546
9595327877,9914865281,2026-08-16 18:17:47.629665,30
9694097499,9156676527,2026-05-30 10:40:33.629670,985
9109439690,9719285654,2026-04-05 02:19:29.629674,110
9319520585,9210469632,2026-03-22 10:48:44.629679,1688
9978207151,9778528922,2026-06-03 18:49:58.629683,156
9694097499,9575844198,2026-07-11 14:13:17.629687,114
9359774688,9265676618,2026-06-17 14:09:01.629692,627
9255466590,9706540515,2026-03-23 07:09:07.629696,1147
9785191088,9535841438,2026-06-26 00:46:22.629702,1225
9640391065,9348434437,2026-04-13 02:54:21.629706,1593
9060983584,9132370589,2026-05-26 18:40:38.629711,911
9284511544,9309130756,2026-05-22 13:37:10.629718,630
9879470551,9348434437,2026-03-11 23:49:16.629723,1253
9742684145,9251925462,2026-07-26 09:44:25.629727,430
9575844198,9103697117,2026-04-20 16:28:05.629731,1357
9255466590,9623924075,2026-04-15 20:58:49.629735,360
9787298259,9820377889,2026-03-30 16:37:21.629740,10
9680182422,9784473647,2026-07-12 03:49:48.629744,1221
9815371473,9758416169,2026-03-06 15:14:25.629749,479
9156676527,9205493296,2026-04-24 04:41:27.629753,1444
9102767735,9820377889,2026-07-11 18:34:25.629758,483
9277221704,9867908740,2026-07-31 22:36:34.629762,1285
9309130756,9301657120,2026-08-03 09:35:59.629767,410
9424981829,9685054235,2026-06-14 00:58:20.629771,465
9747338484,9359774688,2026-08-23 16:37:55.629775,549
9004786863,9794738347,2026-03-14 03:55:18.629779,127
9818141247,9640391065,2026-04-29 00:42:09.629784,1223
9933272795,9004786863,2026-06-18 19:49:29.629788,596
9109439690,9733221418,2026-05-30 07:25:07.629793,1415
9284511544,9874315274,2026-05-17 10:57:12.629802,562
9950047974,9986800025,2026-06-04 04:22:49.629809,901
9255466590,9263689702,2026-03-08 00:53:32.629818,889
9742684145,9029702135,2026-06-25 12:38:14.629825,517
9212779979,9515186449,2026-04-13 17:59:34.629830,1385
9903311907,9694097499,2026-06-22 07:19:08.629834,47
9785191088,9019380262,2026-08-06 19:13:41.629838,556
9694097499,9490581477,2026-07-26 11:28:24.629846,1553
9826137506,9815371473,2026-06-09 01:40:28.629855,1339
9109439690,9740345054,2026-04-04 12:55:42.629859,1203
9922995900,9665240415,2026-08-05 09:47:03.629863,1012
9515186449,9815371473,2026-05-06 20:44:37.629871,841
9569092755,9029702135,2026-07-08 10:10:34.629875,219
9623924075,9569092755,2026-05-19 05:31:58.629879,1425
9470168733,9156676527,2026-07-06 22:59:27.629884,825
9251286823,9785191088,2026-06-15 02:45:49.629888,80
9102767735,9515186449,2026-04-30 08:53:02.629892,521
9029702135,9685054235,2026-07-28 07:27:43.629897,832
9801624565,9004786863,2026-02-28 12:29:31.629901,1351
9986800025,9925556258,2026-05-19 13:00:03.629906,116
9051522047,9060983584,2026-05-09 13:08:30.629910,1280
9687833918,9470168733,2026-06-29 17:44:37.629914,910
9785191088,9005411998,2026-04-08 19:46:40.629919,551
9787298259,9880592962,2026-04-25 05:26:27.629923,902
9874315274,9595327877,2026-03-23 21:00:51.629927,64
9575844198,9838578652,2026-08-02 12:11:59.629932,495
9205493296,9623924075,2026-04-29 15:19:42.629936,1133
9521818835,9787298259,2026-05-18 12:30:07.629940,195
9980893246,9903311907,2026-08-24 13:41:21.629944,237
9925556258,9733221418,2026-07-04 01:40:25.629949,1709
9359774688,9470168733,2026-07-17 10:44:28.629953,602
9801624565,9205493296,2026-04-22 09:22:48.629957,855
9375243106,9210469632,2026-05-30 23:49:53.629961,504
9102767735,9787298259,2026-03-28 09:12:29.629967,790
9051522047,9263689702,2026-06-06 23:42:07.629972,1533
9229270653,9978207151,2026-04-22 22:32:02.629977,1587
9640391065,9535841438,2026-05-05 07:03:40.629982,1618
9950047974,9303054868,2026-08-06 15:09:55.629986,10
9156676527,9530463745,2026-04-27 06:29:55.629992,1720
9309130756,9309728962,2026-07-06 10:40:28.629997,1007
9359774688,9784473647,2026-06-12 21:05:42.630001,996
9310278681,9569092755,2026-06-15 11:14:57.630006,1567
9986800025,9132370589,2026-05-27 17:11:14.630010,664
9051522047,9874315274,2026-04-15 16:02:32.630016,1176
9578291146,9095396218,2026-08-13 12:26:14.630021,1593
9680182422,9490581477,2026-05-01 01:56:12.630025,1530
9815371473,9205493296,2026-08-24 16:01:15.630032,1666
9132370589,9578291146,2026-07-07 04:08:30.630036,1627
9004786863,9219933083,2026-03-29 19:59:23.630041,1019
9955271774,9880592962,2026-06-05 19:58:27.630045,1213
9569092755,9251925462,2026-08-17 01:09:00.630050,1735
9109439690,9251925462,2026-06-10 10:14:14.630054,940
9521818835,9530463745,2026-03-28 06:56:26.630058,844
9219933083,9359774688,2026-03-14 19:51:09.630063,966
9867908740,9277221704,2026-05-05 00:56:14.630067,1281
9915478872,9786691251,2026-07-04 11:35:09.630072,169
9569092755,9019380262,2026-08-14 03:57:09.630076,1097
9132370589,9964016582,2026-06-30 00:13:25.630081,1476
9785191088,9595327877,2026-08-16 16:43:38.630085,1113
9955271774,9348434437,2026-03-13 13:59:29.630089,485
9575844198,9067240049,2026-08-26 02:58:06.630094,593
9095396218,9933272795,2026-03-17 20:19:33.630098,893
9251925462,9785191088,2026-07-01 08:36:24.630103,1446
9251925462,9109439690,2026-04-01 14:26:37.630108,1426
9284511544,9212779979,2026-03-09 05:27:40.630112,669
9640391065,9679807935,2026-04-26 06:19:14.630116,739
9884422583,9922995900,2026-03-28 13:31:55.630121,505
9168784991,9680182422,2026-06-18 04:32:37.630125,1401
9640391065,9068536153,2026-04-02 07:18:32.630129,363
9255466590,9785854973,2026-08-16 09:32:04.630134,788
9348434437,9067240049,2026-04-16 01:28:33.630138,1024
9309728962,9794738347,2026-04-14 09:12:15.630143,949
9665240415,9319520585,2026-05-28 12:52:53.630148,527
9826773454,9521818835,2026-08-21 20:20:42.630153,1652
9925556258,9156676527,2026-07-09 21:01:24.630159,1124
9623924075,9820377889,2026-05-25 01:44:15.630163,712
9309130756,9284511544,2026-07-02 08:47:52.630168,873
9915478872,9319520585,2026-05-28 00:08:13.630172,1736
9284511544,9277901043,2026-05-13 23:55:41.630177,1752
9210469632,9914865281,2026-04-15 08:35:11.630181,786
9694097499,9447394731,2026-06-19 21:56:43.630185,610
9874315274,9758416169,2026-03-04 13:22:25.630190,1704
9301657120,9786691251,2026-04-22 14:17:56.630194,21
9879470551,9067240049,2026-07-29 10:19:22.630199,1530
9005411998,9838578652,2026-07-22 23:52:54.630203,1022
9375243106,9156676527,2026-07-28 22:20:33.630210,1641
9095396218,9838578652,2026-08-03 00:24:05.630215,726
9980893246,9665240415,2026-04-06 05:12:25.630220,1276
9319520585,9019380262,2026-07-25 00:22:23.630224,1481
9398225871,9301657120,2026-07-10 12:08:32.630228,1721
9229270653,9575844198,2026-03-19 03:56:40.630232,1290
9747338484,9490581477,2026-04-29 06:51:33.630237,1620
9109439690,9955271774,2026-06-20 20:08:14.630241,752
9499045301,9880592962,2026-03-17 19:10:47.630253,609
9029702135,9933272795,2026-05-19 23:30:45.630258,364
9277901043,9880592962,2026-07-31 00:32:35.630262,1109
9217271551,9168784991,2026-06-05 17:39:39.630267,563
9375243106,9818141247,2026-04-19 04:41:42.630272,1693
9210469632,9265676618,2026-04-26 14:35:11.630276,1533
9719285654,9180170462,2026-03-22 15:51:27.630286,964
9820377889,9794738347,2026-07-24 17:43:42.630293,467
9019380262,9530463745,2026-07-09 06:05:18.630297,818
9180170462,9526949588,2026-05-10 07:45:47.630302,189
9640391065,9786691251,2026-03-02 23:59:36.630306,546
9216558523,9733221418,2026-05-27 14:35:03.630310,759
9019380262,9933272795,2026-07-08 20:27:46.630339,541
9309728962,9132370589,2026-08-06 23:52:12.630351,1312
9884422583,9914865281,2026-07-09 08:05:38.630357,483
9815371473,9212779979,2026-06-28 14:25:31.630361,1154
9029702135,9785854973,2026-04-12 06:46:25.630366,1331
9978207151,9665240415,2026-08-07 06:34:19.630373,955
9874315274,9284511544,2026-07-04 08:48:10.630377,841
9685054235,9229270653,2026-03-09 02:27:33.630382,81
9284511544,9470168733,2026-03-22 20:17:18.630387,204
9950047974,9470168733,2026-07-23 08:54:12.632010,63
9263689702,9251925462,2026-08-03 05:27:25.632022,490
9950047974,9964016582,2026-07-11 09:34:52.632029,811
9799371240,9263689702,2026-06-11 15:58:50.632034,572
9950047974,9470168733,2026-06-28 19:41:56.632038,695
9826137506,9659657569,2026-06-09 07:28:55.632043,56
9251925462,9515186449,2026-07-18 13:33:42.632048,426
9796275705,9799371240,2026-06-23 17:06:41.632052,823
9826137506,9515186449,2026-06-19 03:06:47.632056,656
9826137506,9515186449,2026-06-17 17:34:37.632061,155
9251925462,9799371240,2026-07-12 04:27:48.632066,206
9515186449,9799371240,2026-08-15 23:45:37.632070,728
9950047974,9964016582,2026-08-06 04:28:37.632075,96
9796275705,9964016582,2026-06-26 11:43:15.632079,337
9251925462,9964016582,2026-08-14 08:34:27.632084,400
9796275705,9659657569,2026-06-10 01:55:22.632088,235
9251925462,9659657569,2026-08-14 00:49:49.632092,535
9679807935,9950047974,2026-07-22 02:05:28.632097,616
9950047974,9515186449,2026-08-15 07:47:43.632101,594
9251925462,9263689702,2026-08-23 03:34:16.632106,118
9799371240,9826137506,2026-07-06 22:54:27.632111,764
9515186449,9796275705,2026-07-08 04:20:59.632115,817
9470168733,9263689702,2026-06-05 10:58:45.632122,158
9950047974,9799371240,2026-07-11 23:38:39.632127,507
9964016582,9796275705,2026-07-01 17:54:19.632132,161
