person_id,name,age,gender,address,city
P001,Alexander Hill,19,Male,18196 Anthony Forge,New Carolyn
P002,Michelle Miles,33,Female,79402 Peterson Drives Apt. 511,Davisstad
P003,Robert Blair,26,Male,1849 Ray Squares,North Donnaport
P004,Scott Delacruz MD,61,Male,525 Clark Grove Apt. 928,East Steven
P005,Timothy Watts,55,Male,503 Linda Locks,Carlshire
P006,Emily Rios,20,Female,724 John Points Suite 969,Coxberg
P007,Brandon Williams,23,Male,26916 Carlson Mountain,Tashatown
P008,Brian Dyer,32,Male,514 Moore Alley Suite 828,Port Colleenhaven
P009,Christian Farmer,53,Male,570 Sarah Wells,Johnbury
P010,Travis Miller,63,Male,82278 Joseph Well Suite 383,Raymondstad
P011,Kelly Martinez,32,Female,50983 Adrian Station,East Carloston
P012,Andrea Young,55,Female,82997 Kristen Valley Suite 311,Gomezchester
P013,Monica Nunez,69,Female,65133 Amanda Dam,Whitemouth
P014,Thomas Ramos,66,Male,80132 Tucker Forest,Barreraburgh
P015,William Baker,62,Male,6872 Kenneth Centers Apt. 500,Shawhaven
P016,Tonya Miller,39,Female,91361 Beth Canyon,South Dianeshire
P017,Taylor Harris,27,Female,46247 Hickman Cliffs Apt. 799,North Amandahaven
P018,Timothy Ibarra,66,Male,4278 Carr Valley,Lake Lisaport
P019,Ashley Humphrey,24,Female,18244 Jennifer Ford Suite 874,North Cynthiaview
P020,Gavin Anderson,42,Male,78680 Charles Spurs Apt. 805,South David
P021,Steven Flynn,40,Male,3315 Dickson Summit,East Michelle
P022,Rita Keith MD,56,Female,3421 Brennan Walks Suite 337,Kevinbury
P023,Mary Ross,69,Female,45868 Crosby Crescent Suite 294,North Candacestad
P024,Erik Obrien,64,Male,9340 Smith Valley,West Ryan
P025,Tammie Hanson,52,Female,484 Nguyen Square,Angelaborough
P026,Todd Byrd,42,Male,946 Kevin Fords,Floydmouth
P027,Jeremy Lewis,53,Male,214 Davis Terrace Apt. 433,North Brandon
P028,Lisa Mack DDS,58,Female,676 Dylan Spurs,Port Michelleville
P029,Colleen Brock,54,Female,83172 Contreras Points Suite 798,Rivasside
P030,Christopher Hensley,63,Male,3487 Joshua Club Suite 345,Patricialand
P031,David Benson,20,Male,66587 Brown Village,Priceshire
P032,Alejandro Gilmore,67,Male,0546 Medina Street Apt. 734,Tuckerfurt
P033,Meghan Powell,23,Female,2980 Vargas Shore,North Dawnberg
P034,Christopher Green,24,Male,75564 King Common Suite 080,Jeffreyland
P035,Marissa Webster,35,Female,09232 Caldwell Port,South Holly
P036,Carol Lawson,58,Female,41904 Sanders Stravenue,North Brittany
P037,Dana Terry,28,Female,919 Michael Meadow Suite 185,Port Robertfort
P038,Tonya Reid,40,Female,262 Gilbert Plain Suite 769,Marcusbury
P039,Brandon Keith,60,Male,9965 Troy Islands,South Jason
P040,Gina Beard,62,Female,083 John Lodge Suite 837,Westtown
P041,Daniel Holt,56,Male,957 Coleman Summit Suite 574,Johnville
P042,Ethan Newton,52,Male,37498 Hooper Village,West Jeremy
P043,Adrian Ferguson,28,Male,08427 Monique Ports Suite 777,Jackton
P044,Shannon Wilson,42,Female,7190 Edward Port,Christopherbury
P045,Pamela Obrien,58,Female,677 Dalton Meadow,Ashleyton
P046,Patrick Meza,61,Male,341 John Plaza,East Aaronmouth
P047,Julie Johnson,67,Female,471 Sandra Turnpike Apt. 618,Lake Edward
P048,Charles Brown,32,Male,947 Taylor Hollow Suite 488,Kimton
P049,Nicholas Munoz,69,Male,39904 Kathryn Extensions,Stonemouth
P050,Catherine Richards,43,Female,75655 Mia Isle Suite 746,South Christopherview
P051,Tracy Powell,22,Female,876 Jacob Lake,Garrettton
P052,Joshua Pennington,54,Male,710 Jennifer Inlet Apt. 861,Port Robin
P053,Autumn Collier,31,Female,484 Davenport Mountains Apt. 782,Leehaven
P054,Breanna Jones,43,Female,8404 Monroe Prairie Suite 278,Reedside
P055,Jamie Cantu,27,Female,396 Melissa Loop,West Juliefurt
P056,Mary Hoover,26,Female,0289 Kane Well,Garciamouth
P057,Charles Pitts,65,Male,74596 Melissa Walk,Finleyfort
P058,Amanda Jones,65,Female,16117 Heather Burgs Apt. 504,Nicholasberg
P059,Jennifer Maldonado,55,Female,21969 Tyler Prairie,East Steven
P060,Dawn Smith,41,Female,8217 Huerta Hills Suite 474,South Melissa
P061,James Howard,26,Male,406 Smith Way Apt. 974,New Laurie
P062,Cheryl King,23,Female,104 Johnson Lakes,North Renee
P063,Jason Gonzalez,25,Male,842 Sloan Orchard Suite 517,East Karenbury
P064,Nathaniel Whitney,58,Male,60481 Richardson Summit Suite 965,Lake Jesustown
P065,Tony Murphy,68,Male,174 Wilson Cape,West Wendyville
P066,Stacy Taylor,56,Female,8692 Pena Village Suite 964,Lake Mitchellmouth
P067,David Cox,42,Male,506 Lopez Crossing Suite 139,North Kristinbury
P068,Rachel Harris DVM,56,Female,335 Kristina Ranch,West Micheleberg
P069,Kimberly Lindsey MD,51,Female,05395 Grant Center,Lake Robert
P070,Amy West,53,Female,917 Sonia Cape Suite 700,Boonechester
P071,John Browning,61,Male,59212 Weber Prairie,Oscarhaven
P072,Jonathan Jordan,61,Male,836 Beasley Loop,Mariafurt
P073,Anna Simmons,67,Female,2711 Christopher Court Suite 280,Elizabethchester
P074,Mary Christensen,25,Female,9451 Eric Orchard,Port Daniel
P075,Holly Farmer,45,Female,8998 Chelsea Shoals,Anthonyview
P076,Eric Morgan,47,Male,29612 Christopher Pines,South Robert
P077,Jacob Griffith,64,Male,22901 Ramos Manors,Lawsonchester
P078,Nicole Wilson,50,Female,49784 Jeffrey Rapid Apt. 034,Port Derrick
P079,Garrett Smith,50,Male,26838 Jones Wall Apt. 607,Port Lawrencechester
P080,Michael Butler,58,Male,0529 Collier Lake,South Meganbury
